url,title,headers,paragraphs,images
https://www.soussanahotel.com/about-us.html,"About Us | HÃ´tel SOUSSANA (Tunis, Sousse)",Contact Us | About Us,"Avenue Taieb Mhiri, Sousse, Sousse, 4001, Tunisia | All rights reserved | Powered byCanvas",
https://www.soussanahotel.com/attractions.html,"Attractions | HÃ´tel SOUSSANA (Tunis, Sousse)",Contact Us | Attractions,"Avenue Taieb Mhiri, Sousse, Sousse, 4001, Tunisia | All rights reserved | Powered byCanvas",
https://www.soussanahotel.com/contact-us.html,"Contact Us | HÃ´tel SOUSSANA (Tunis, Sousse)","Contact Us | Contact Us | HÃ´tel SOUSSANA (Tunis, Sousse) | Contact Us","Avenue Taieb Mhiri, Sousse, Sousse, 4001, Tunisia | +21673228011 | sales@soussana-hotel.com.tn | Avenue Taieb Mhiri, Sousse, Sousse, 4001, Tunisia | All rights reserved | Powered byCanvas",
https://www.soussanahotel.com/gallery.html,"Gallery | HÃ´tel SOUSSANA (Tunis, Sousse)",Contact Us | Gallery,"Avenue Taieb Mhiri, Sousse, Sousse, 4001, Tunisia | All rights reserved | Powered byCanvas","https://webbox.imgix.net/images/vxaycbqyfbycrkjc/d14da32f-23ad-4b01-b865-e8ea8229facb.jpg?auto=format,compress&fit=crop&crop=entropy&w=750&h=600 | https://webbox.imgix.net/images/vxaycbqyfbycrkjc/681769ff-0c6c-4947-bdc1-c17621f3c117.jpg?auto=format,compress&fit=crop&crop=entropy&w=750&h=600 | https://webbox.imgix.net/images/vxaycbqyfbycrkjc/bfe2f196-fad4-4874-a61b-a4ea35bff284.jpg?auto=format,compress&fit=crop&crop=entropy&w=750&h=600 | https://webbox.imgix.net/images/vxaycbqyfbycrkjc/fa1b2dfe-bab8-448e-9486-f53a27a5dc56.jpg?auto=format,compress&fit=crop&crop=entropy&w=750&h=600 | https://webbox.imgix.net/images/vxaycbqyfbycrkjc/b97a3457-aaf9-49d5-b13e-e4c290a99859.jpg?auto=format,compress&fit=crop&crop=entropy&w=750&h=600 | https://webbox.imgix.net/images/vxaycbqyfbycrkjc/5e96f818-458b-46e0-b5e5-a7a3da1879a4.jpg?auto=format,compress&fit=crop&crop=entropy&w=750&h=600 | https://webbox.imgix.net/images/vxaycbqyfbycrkjc/95587992-ed5b-4994-842b-d39d7ccc169c.jpg?auto=format,compress&fit=crop&crop=entropy&w=750&h=600 | https://webbox.imgix.net/images/vxaycbqyfbycrkjc/0b39f1be-8fb2-43ac-abf4-904907bb028a.jpg?auto=format,compress&fit=crop&crop=entropy&w=750&h=600 | https://webbox.imgix.net/images/vxaycbqyfbycrkjc/bc4c48d3-bf87-43ef-9826-b42108750a6b.jpg?auto=format,compress&fit=crop&crop=entropy&w=750&h=600 | https://webbox.imgix.net/images/vxaycbqyfbycrkjc/a627ec81-6f1f-49f0-a9b5-6c943fdc6c27.jpg?auto=format,compress&fit=crop&crop=entropy&w=750&h=600 | https://webbox.imgix.net/images/vxaycbqyfbycrkjc/d491472e-3973-4b7e-8561-14db600ee203.jpg?auto=format,compress&fit=crop&crop=entropy&w=750&h=600 | https://webbox.imgix.net/images/vxaycbqyfbycrkjc/34d8f5cb-bf2b-4ad7-837d-0f5d4838115e.jpg?auto=format,compress&fit=crop&crop=entropy&w=750&h=600 | https://webbox.imgix.net/images/vxaycbqyfbycrkjc/fe202313-4df2-41af-a2ba-d91f34d96173.jpg?auto=format,compress&fit=crop&crop=entropy&w=750&h=600 | https://webbox.imgix.net/images/vxaycbqyfbycrkjc/cd5d5515-032a-4e31-8a2e-5459e55e6881.jpg?auto=format,compress&fit=crop&crop=entropy&w=750&h=600 | https://webbox.imgix.net/images/vxaycbqyfbycrkjc/ba61e79e-5c53-4e61-9b90-48fdb13c8ffe.jpg?auto=format,compress&fit=crop&crop=entropy&w=750&h=600 | https://webbox.imgix.net/images/vxaycbqyfbycrkjc/48df1a51-ed39-4bf2-90e1-d7d71a8007a0.jpg?auto=format,compress&fit=crop&crop=entropy&w=750&h=600 | https://webbox.imgix.net/images/vxaycbqyfbycrkjc/6a4847ed-ed22-4454-ac99-3eddf8e79b80.jpg?auto=format,compress&fit=crop&crop=entropy&w=750&h=600 | https://webbox.imgix.net/images/vxaycbqyfbycrkjc/26db1db7-05dc-4227-8c3c-bf502220f220.jpg?auto=format,compress&fit=crop&crop=entropy&w=750&h=600 | https://webbox.imgix.net/images/vxaycbqyfbycrkjc/927e5bdb-5f96-45e7-96a0-375b1b2d4724.jpg?auto=format,compress&fit=crop&crop=entropy&w=750&h=600"
https://www.soussanahotel.com,"Home | HÃ´tel SOUSSANA (Tunis, Sousse)","Contact Us | Welcome to HÃ´tel SOUSSANA (Tunis, Sousse)","This air-conditioned double room features a flat-screen TV with satellite channels, a private bathroom and a terrace with sea views. | BOOK NOW | This air-conditioned family room features a flat-screen TV with satellite channels, a private bathroom and a balcony with city views. | BOOK NOW | This air-conditioned single room features a flat-screen TV with satellite channels, a private bathroom and a terrace with city views. | BOOK NOW | This air-conditioned triple room features a flat-screen TV with satellite channels, a private bathroom and a terrace with city views. | BOOK NOW |  | Hotel Soussana is located in the heart of the beautiful city of Sousse on the prestigious Boulevard Taieb Mhiri. It offers comfortable rooms with breathtaking city and sea views, large meeting rooms, modern and pleasant common areas, secure parking and a private beach. |  | Avenue Taieb Mhiri, Sousse, Sousse, 4001, Tunisia | T+21673228011 | Esales@soussana-hotel.com.tn | Avenue Taieb Mhiri, Sousse, Sousse, 4001, Tunisia | All rights reserved | Powered byCanvas","https://webbox.imgix.net/images/vxaycbqyfbycrkjc/d14da32f-23ad-4b01-b865-e8ea8229facb.jpg?auto=format,compress&fit=crop&crop=entropy&w=1600&h=600 | https://webbox.imgix.net/images/vxaycbqyfbycrkjc/fa1b2dfe-bab8-448e-9486-f53a27a5dc56.jpg?auto=format,compress&fit=crop&crop=entropy&w=1600&h=600 | https://webbox.imgix.net/images/vxaycbqyfbycrkjc/681769ff-0c6c-4947-bdc1-c17621f3c117.jpg?auto=format,compress&fit=crop&crop=entropy&w=1600&h=600 | https://webbox.imgix.net/images/vxaycbqyfbycrkjc/5e96f818-458b-46e0-b5e5-a7a3da1879a4.jpg?auto=format,compress&fit=crop&crop=entropy&w=750&h=600 | https://webbox.imgix.net/images/vxaycbqyfbycrkjc/95587992-ed5b-4994-842b-d39d7ccc169c.jpg?auto=format,compress&fit=crop&crop=entropy&w=750&h=600 | https://webbox.imgix.net/images/vxaycbqyfbycrkjc/a627ec81-6f1f-49f0-a9b5-6c943fdc6c27.jpg?auto=format,compress&fit=crop&crop=entropy&w=750&h=600 | https://webbox.imgix.net/images/vxaycbqyfbycrkjc/d491472e-3973-4b7e-8561-14db600ee203.jpg?auto=format,compress&fit=crop&crop=entropy&w=750&h=600"
https://www.soussanahotel.com/404.html,"Sorry, Page Not Found | HÃ´tel SOUSSANA (Tunis, Sousse)","Contact Us | Sorry, Page Not Found","Avenue Taieb Mhiri, Sousse, Sousse, 4001, Tunisia | All rights reserved | Powered byCanvas",
https://www.soussanahotel.com/book-now.html,"| HÃ´tel SOUSSANA (Tunis, Sousse)",Contact Us | Book now,"Avenue Taieb Mhiri, Sousse, Sousse, 4001, Tunisia | All rights reserved | Powered byCanvas",
https://www.soussanahotel.com/rooms/double-room.html,"double room | HÃ´tel SOUSSANA (Tunis, Sousse)",Contact Us | Rooms | double room,"This air-conditioned double room features a flat-screen TV with satellite channels, a private bathroom and a terrace with sea views. | BOOK NOW | Avenue Taieb Mhiri, Sousse, Sousse, 4001, Tunisia | All rights reserved | Powered byCanvas","https://webbox.imgix.net/images/vxaycbqyfbycrkjc/5e96f818-458b-46e0-b5e5-a7a3da1879a4.jpg?auto=format,compress&fit=crop&crop=entropy | https://webbox.imgix.net/images/vxaycbqyfbycrkjc/a627ec81-6f1f-49f0-a9b5-6c943fdc6c27.jpg?auto=format,compress&fit=crop&crop=entropy"
https://www.soussanahotel.com/rooms/family-room.html,"family room | HÃ´tel SOUSSANA (Tunis, Sousse)",Contact Us | Rooms | family room,"This air-conditioned family room features a flat-screen TV with satellite channels, a private bathroom and a balcony with city views. | BOOK NOW | Avenue Taieb Mhiri, Sousse, Sousse, 4001, Tunisia | All rights reserved | Powered byCanvas","https://webbox.imgix.net/images/vxaycbqyfbycrkjc/95587992-ed5b-4994-842b-d39d7ccc169c.jpg?auto=format,compress&fit=crop&crop=entropy | https://webbox.imgix.net/images/vxaycbqyfbycrkjc/0b39f1be-8fb2-43ac-abf4-904907bb028a.jpg?auto=format,compress&fit=crop&crop=entropy | https://webbox.imgix.net/images/vxaycbqyfbycrkjc/34d8f5cb-bf2b-4ad7-837d-0f5d4838115e.jpg?auto=format,compress&fit=crop&crop=entropy | https://webbox.imgix.net/images/vxaycbqyfbycrkjc/0b39f1be-8fb2-43ac-abf4-904907bb028a.jpg?auto=format,compress&fit=crop&crop=entropy&w=360&h=300 | https://webbox.imgix.net/images/vxaycbqyfbycrkjc/34d8f5cb-bf2b-4ad7-837d-0f5d4838115e.jpg?auto=format,compress&fit=crop&crop=entropy&w=360&h=300"
https://www.soussanahotel.com/rooms/single-room.html,"single room | HÃ´tel SOUSSANA (Tunis, Sousse)",Contact Us | Rooms | single room,"This air-conditioned single room features a flat-screen TV with satellite channels, a private bathroom and a terrace with city views. | BOOK NOW | Avenue Taieb Mhiri, Sousse, Sousse, 4001, Tunisia | All rights reserved | Powered byCanvas","https://webbox.imgix.net/images/vxaycbqyfbycrkjc/a627ec81-6f1f-49f0-a9b5-6c943fdc6c27.jpg?auto=format,compress&fit=crop&crop=entropy | https://webbox.imgix.net/images/vxaycbqyfbycrkjc/34d8f5cb-bf2b-4ad7-837d-0f5d4838115e.jpg?auto=format,compress&fit=crop&crop=entropy | https://webbox.imgix.net/images/vxaycbqyfbycrkjc/5e96f818-458b-46e0-b5e5-a7a3da1879a4.jpg?auto=format,compress&fit=crop&crop=entropy | https://webbox.imgix.net/images/vxaycbqyfbycrkjc/34d8f5cb-bf2b-4ad7-837d-0f5d4838115e.jpg?auto=format,compress&fit=crop&crop=entropy&w=360&h=300 | https://webbox.imgix.net/images/vxaycbqyfbycrkjc/5e96f818-458b-46e0-b5e5-a7a3da1879a4.jpg?auto=format,compress&fit=crop&crop=entropy&w=360&h=300"
https://www.soussanahotel.com/rooms/triple-room.html,"triple room | HÃ´tel SOUSSANA (Tunis, Sousse)",Contact Us | Rooms | triple room,"This air-conditioned triple room features a flat-screen TV with satellite channels, a private bathroom and a terrace with city views. | BOOK NOW | Avenue Taieb Mhiri, Sousse, Sousse, 4001, Tunisia | All rights reserved | Powered byCanvas","https://webbox.imgix.net/images/vxaycbqyfbycrkjc/d491472e-3973-4b7e-8561-14db600ee203.jpg?auto=format,compress&fit=crop&crop=entropy | https://webbox.imgix.net/images/vxaycbqyfbycrkjc/34d8f5cb-bf2b-4ad7-837d-0f5d4838115e.jpg?auto=format,compress&fit=crop&crop=entropy | https://webbox.imgix.net/images/vxaycbqyfbycrkjc/bc4c48d3-bf87-43ef-9826-b42108750a6b.jpg?auto=format,compress&fit=crop&crop=entropy | https://webbox.imgix.net/images/vxaycbqyfbycrkjc/34d8f5cb-bf2b-4ad7-837d-0f5d4838115e.jpg?auto=format,compress&fit=crop&crop=entropy&w=360&h=300 | https://webbox.imgix.net/images/vxaycbqyfbycrkjc/bc4c48d3-bf87-43ef-9826-b42108750a6b.jpg?auto=format,compress&fit=crop&crop=entropy&w=360&h=300"
https://www.soussanahotel.com/rooms.html,"Rooms | HÃ´tel SOUSSANA (Tunis, Sousse)",Contact Us | Rooms | double room | family room | single room | triple room,"This air-conditioned double room features a flat-screen TV with satellite channels, a private bathroom and a terrace with sea views. | BOOK NOW | This air-conditioned family room features a flat-screen TV with satellite channels, a private bathroom and a balcony with city views. | BOOK NOW | This air-conditioned single room features a flat-screen TV with satellite channels, a private bathroom and a terrace with city views. | BOOK NOW | This air-conditioned triple room features a flat-screen TV with satellite channels, a private bathroom and a terrace with city views. | BOOK NOW | Avenue Taieb Mhiri, Sousse, Sousse, 4001, Tunisia | All rights reserved | Powered byCanvas","https://webbox.imgix.net/images/vxaycbqyfbycrkjc/5e96f818-458b-46e0-b5e5-a7a3da1879a4.jpg?auto=format,compress&fit=crop&crop=entropy&w=600&h=450 | https://webbox.imgix.net/images/vxaycbqyfbycrkjc/a627ec81-6f1f-49f0-a9b5-6c943fdc6c27.jpg?auto=format,compress&fit=crop&crop=entropy&w=600&h=450 | https://webbox.imgix.net/images/vxaycbqyfbycrkjc/95587992-ed5b-4994-842b-d39d7ccc169c.jpg?auto=format,compress&fit=crop&crop=entropy&w=600&h=450 | https://webbox.imgix.net/images/vxaycbqyfbycrkjc/0b39f1be-8fb2-43ac-abf4-904907bb028a.jpg?auto=format,compress&fit=crop&crop=entropy&w=600&h=450 | https://webbox.imgix.net/images/vxaycbqyfbycrkjc/34d8f5cb-bf2b-4ad7-837d-0f5d4838115e.jpg?auto=format,compress&fit=crop&crop=entropy&w=600&h=450 | https://webbox.imgix.net/images/vxaycbqyfbycrkjc/a627ec81-6f1f-49f0-a9b5-6c943fdc6c27.jpg?auto=format,compress&fit=crop&crop=entropy&w=600&h=450 | https://webbox.imgix.net/images/vxaycbqyfbycrkjc/34d8f5cb-bf2b-4ad7-837d-0f5d4838115e.jpg?auto=format,compress&fit=crop&crop=entropy&w=600&h=450 | https://webbox.imgix.net/images/vxaycbqyfbycrkjc/5e96f818-458b-46e0-b5e5-a7a3da1879a4.jpg?auto=format,compress&fit=crop&crop=entropy&w=600&h=450 | https://webbox.imgix.net/images/vxaycbqyfbycrkjc/d491472e-3973-4b7e-8561-14db600ee203.jpg?auto=format,compress&fit=crop&crop=entropy&w=600&h=450 | https://webbox.imgix.net/images/vxaycbqyfbycrkjc/34d8f5cb-bf2b-4ad7-837d-0f5d4838115e.jpg?auto=format,compress&fit=crop&crop=entropy&w=600&h=450 | https://webbox.imgix.net/images/vxaycbqyfbycrkjc/bc4c48d3-bf87-43ef-9826-b42108750a6b.jpg?auto=format,compress&fit=crop&crop=entropy&w=600&h=450"
https://www.soussanahotel.com/fr/about-us.html,"Ã propos de nous | HÃ´tel SOUSSANA (Tunis, Sousse)",Contactez-nous | Ã propos de nous,"Avenue Taieb Mhiri, Sousse, Sousse, 4001, Tunisia | All rights reserved | Powered byCanvas",
https://www.soussanahotel.com/fr/attractions.html,"Attractions | HÃ´tel SOUSSANA (Tunis, Sousse)",Contactez-nous | Attractions,"Avenue Taieb Mhiri, Sousse, Sousse, 4001, Tunisia | All rights reserved | Powered byCanvas",
https://www.soussanahotel.com/fr/contact-us.html,"Contactez-nous | HÃ´tel SOUSSANA (Tunis, Sousse)","Contactez-nous | Contactez-nous | HÃ´tel SOUSSANA (Tunis, Sousse) | Contactez-nous","Avenue Taieb Mhiri, Sousse, Sousse, 4001, Tunisia | +21673228011 | sales@soussana-hotel.com.tn | Avenue Taieb Mhiri, Sousse, Sousse, 4001, Tunisia | All rights reserved | Powered byCanvas",
https://www.soussanahotel.com/fr/gallery.html,"Galerie de photos | HÃ´tel SOUSSANA (Tunis, Sousse)",Contactez-nous | Galerie de photos,"Avenue Taieb Mhiri, Sousse, Sousse, 4001, Tunisia | All rights reserved | Powered byCanvas","https://webbox.imgix.net/images/vxaycbqyfbycrkjc/d14da32f-23ad-4b01-b865-e8ea8229facb.jpg?auto=format,compress&fit=crop&crop=entropy&w=750&h=600 | https://webbox.imgix.net/images/vxaycbqyfbycrkjc/681769ff-0c6c-4947-bdc1-c17621f3c117.jpg?auto=format,compress&fit=crop&crop=entropy&w=750&h=600 | https://webbox.imgix.net/images/vxaycbqyfbycrkjc/bfe2f196-fad4-4874-a61b-a4ea35bff284.jpg?auto=format,compress&fit=crop&crop=entropy&w=750&h=600 | https://webbox.imgix.net/images/vxaycbqyfbycrkjc/fa1b2dfe-bab8-448e-9486-f53a27a5dc56.jpg?auto=format,compress&fit=crop&crop=entropy&w=750&h=600 | https://webbox.imgix.net/images/vxaycbqyfbycrkjc/b97a3457-aaf9-49d5-b13e-e4c290a99859.jpg?auto=format,compress&fit=crop&crop=entropy&w=750&h=600 | https://webbox.imgix.net/images/vxaycbqyfbycrkjc/5e96f818-458b-46e0-b5e5-a7a3da1879a4.jpg?auto=format,compress&fit=crop&crop=entropy&w=750&h=600 | https://webbox.imgix.net/images/vxaycbqyfbycrkjc/95587992-ed5b-4994-842b-d39d7ccc169c.jpg?auto=format,compress&fit=crop&crop=entropy&w=750&h=600 | https://webbox.imgix.net/images/vxaycbqyfbycrkjc/0b39f1be-8fb2-43ac-abf4-904907bb028a.jpg?auto=format,compress&fit=crop&crop=entropy&w=750&h=600 | https://webbox.imgix.net/images/vxaycbqyfbycrkjc/bc4c48d3-bf87-43ef-9826-b42108750a6b.jpg?auto=format,compress&fit=crop&crop=entropy&w=750&h=600 | https://webbox.imgix.net/images/vxaycbqyfbycrkjc/a627ec81-6f1f-49f0-a9b5-6c943fdc6c27.jpg?auto=format,compress&fit=crop&crop=entropy&w=750&h=600 | https://webbox.imgix.net/images/vxaycbqyfbycrkjc/d491472e-3973-4b7e-8561-14db600ee203.jpg?auto=format,compress&fit=crop&crop=entropy&w=750&h=600 | https://webbox.imgix.net/images/vxaycbqyfbycrkjc/34d8f5cb-bf2b-4ad7-837d-0f5d4838115e.jpg?auto=format,compress&fit=crop&crop=entropy&w=750&h=600 | https://webbox.imgix.net/images/vxaycbqyfbycrkjc/fe202313-4df2-41af-a2ba-d91f34d96173.jpg?auto=format,compress&fit=crop&crop=entropy&w=750&h=600 | https://webbox.imgix.net/images/vxaycbqyfbycrkjc/cd5d5515-032a-4e31-8a2e-5459e55e6881.jpg?auto=format,compress&fit=crop&crop=entropy&w=750&h=600 | https://webbox.imgix.net/images/vxaycbqyfbycrkjc/ba61e79e-5c53-4e61-9b90-48fdb13c8ffe.jpg?auto=format,compress&fit=crop&crop=entropy&w=750&h=600 | https://webbox.imgix.net/images/vxaycbqyfbycrkjc/48df1a51-ed39-4bf2-90e1-d7d71a8007a0.jpg?auto=format,compress&fit=crop&crop=entropy&w=750&h=600 | https://webbox.imgix.net/images/vxaycbqyfbycrkjc/6a4847ed-ed22-4454-ac99-3eddf8e79b80.jpg?auto=format,compress&fit=crop&crop=entropy&w=750&h=600 | https://webbox.imgix.net/images/vxaycbqyfbycrkjc/26db1db7-05dc-4227-8c3c-bf502220f220.jpg?auto=format,compress&fit=crop&crop=entropy&w=750&h=600 | https://webbox.imgix.net/images/vxaycbqyfbycrkjc/927e5bdb-5f96-45e7-96a0-375b1b2d4724.jpg?auto=format,compress&fit=crop&crop=entropy&w=750&h=600"
https://www.soussanahotel.com/fr/index.html,"Page d''accueil | HÃ´tel SOUSSANA (Tunis, Sousse)","Contactez-nous | Bienvenue Ã  l'HÃ´tel SOUSSANA (Tunis, Sousse)","Cette chambre double climatisÃ©e dispose d'une tÃ©lÃ©vision Ã  Ã©cran plat avec chaÃ®nes satellite, d'une salle de bains privÃ©e et d'une terrasse avec vue sur la mer. | Cette chambre familiale climatisÃ©e dispose d'une tÃ©lÃ©vision Ã  Ã©cran plat avec chaÃ®nes satellite, d'une salle de bains privative et d'un balcon offrant une vue sur la ville. | RESERVER MAINTENANT | Cette chambre simple climatisÃ©e dispose d'une tÃ©lÃ©vision Ã  Ã©cran plat avec chaÃ®nes satellite, d'une salle de bains privÃ©e et d'une terrasse avec vue sur la ville. | RESERVER MAINTENANT | Cette chambre triple climatisÃ©e comprend une tÃ©lÃ©vision Ã  Ã©cran plat avec chaÃ®nes satellite, une salle de bains privÃ©e et une terrasse avec vue sur la ville. | RESERVER MAINTENANT | LâhÃ´tel Soussana est situÃ© au cÅur de la belle ville de Sousse sur le prestigieux Boulevard Taieb Mhiri. Il offre des chambres confortables et avec des vues imprenables sur la ville et la mer, de grandes salles de rÃ©union, des espaces communs modernes et agrÃ©ables, un parking sÃ©curisÃ© et une plage privÃ©e. | Avenue Taieb Mhiri, Sousse, Sousse, 4001, Tunisia | T+21673228011 | Esales@soussana-hotel.com.tn | Avenue Taieb Mhiri, Sousse, Sousse, 4001, Tunisia | All rights reserved | Powered byCanvas","https://webbox.imgix.net/images/vxaycbqyfbycrkjc/d14da32f-23ad-4b01-b865-e8ea8229facb.jpg?auto=format,compress&fit=crop&crop=entropy&w=1600&h=600 | https://webbox.imgix.net/images/vxaycbqyfbycrkjc/fa1b2dfe-bab8-448e-9486-f53a27a5dc56.jpg?auto=format,compress&fit=crop&crop=entropy&w=1600&h=600 | https://webbox.imgix.net/images/vxaycbqyfbycrkjc/681769ff-0c6c-4947-bdc1-c17621f3c117.jpg?auto=format,compress&fit=crop&crop=entropy&w=1600&h=600 | https://webbox.imgix.net/images/vxaycbqyfbycrkjc/5e96f818-458b-46e0-b5e5-a7a3da1879a4.jpg?auto=format,compress&fit=crop&crop=entropy&w=750&h=600 | https://webbox.imgix.net/images/vxaycbqyfbycrkjc/95587992-ed5b-4994-842b-d39d7ccc169c.jpg?auto=format,compress&fit=crop&crop=entropy&w=750&h=600 | https://webbox.imgix.net/images/vxaycbqyfbycrkjc/a627ec81-6f1f-49f0-a9b5-6c943fdc6c27.jpg?auto=format,compress&fit=crop&crop=entropy&w=750&h=600 | https://webbox.imgix.net/images/vxaycbqyfbycrkjc/d491472e-3973-4b7e-8561-14db600ee203.jpg?auto=format,compress&fit=crop&crop=entropy&w=750&h=600"
https://www.soussanahotel.com/fr/book-now.html,"| HÃ´tel SOUSSANA (Tunis, Sousse)",Contactez-nous | Book now,"Avenue Taieb Mhiri, Sousse, Sousse, 4001, Tunisia | All rights reserved | Powered byCanvas",
https://www.soussanahotel.com/fr/rooms/chambre-double.html,"double room | HÃ´tel SOUSSANA (Tunis, Sousse)",Contactez-nous | Chambres | chambre double,"Cette chambre double climatisÃ©e dispose d'une tÃ©lÃ©vision Ã  Ã©cran plat avec chaÃ®nes satellite, d'une salle de bains privÃ©e et d'une terrasse avec vue sur la mer. | Avenue Taieb Mhiri, Sousse, Sousse, 4001, Tunisia | All rights reserved | Powered byCanvas","https://webbox.imgix.net/images/vxaycbqyfbycrkjc/5e96f818-458b-46e0-b5e5-a7a3da1879a4.jpg?auto=format,compress&fit=crop&crop=entropy | https://webbox.imgix.net/images/vxaycbqyfbycrkjc/a627ec81-6f1f-49f0-a9b5-6c943fdc6c27.jpg?auto=format,compress&fit=crop&crop=entropy"
https://www.soussanahotel.com/fr/rooms/chambre-familiale.html,"family room | HÃ´tel SOUSSANA (Tunis, Sousse)",Contactez-nous | Chambres | chambre familiale,"Cette chambre familiale climatisÃ©e dispose d'une tÃ©lÃ©vision Ã  Ã©cran plat avec chaÃ®nes satellite, d'une salle de bains privative et d'un balcon offrant une vue sur la ville. | RESERVER MAINTENANT | Avenue Taieb Mhiri, Sousse, Sousse, 4001, Tunisia | All rights reserved | Powered byCanvas","https://webbox.imgix.net/images/vxaycbqyfbycrkjc/95587992-ed5b-4994-842b-d39d7ccc169c.jpg?auto=format,compress&fit=crop&crop=entropy | https://webbox.imgix.net/images/vxaycbqyfbycrkjc/0b39f1be-8fb2-43ac-abf4-904907bb028a.jpg?auto=format,compress&fit=crop&crop=entropy | https://webbox.imgix.net/images/vxaycbqyfbycrkjc/34d8f5cb-bf2b-4ad7-837d-0f5d4838115e.jpg?auto=format,compress&fit=crop&crop=entropy | https://webbox.imgix.net/images/vxaycbqyfbycrkjc/0b39f1be-8fb2-43ac-abf4-904907bb028a.jpg?auto=format,compress&fit=crop&crop=entropy&w=360&h=300 | https://webbox.imgix.net/images/vxaycbqyfbycrkjc/34d8f5cb-bf2b-4ad7-837d-0f5d4838115e.jpg?auto=format,compress&fit=crop&crop=entropy&w=360&h=300"
https://www.soussanahotel.com/fr/rooms/chambre-single.html,"single room | HÃ´tel SOUSSANA (Tunis, Sousse)",Contactez-nous | Chambres | chambre single,"Cette chambre simple climatisÃ©e dispose d'une tÃ©lÃ©vision Ã  Ã©cran plat avec chaÃ®nes satellite, d'une salle de bains privÃ©e et d'une terrasse avec vue sur la ville. | RESERVER MAINTENANT | Avenue Taieb Mhiri, Sousse, Sousse, 4001, Tunisia | All rights reserved | Powered byCanvas","https://webbox.imgix.net/images/vxaycbqyfbycrkjc/a627ec81-6f1f-49f0-a9b5-6c943fdc6c27.jpg?auto=format,compress&fit=crop&crop=entropy | https://webbox.imgix.net/images/vxaycbqyfbycrkjc/34d8f5cb-bf2b-4ad7-837d-0f5d4838115e.jpg?auto=format,compress&fit=crop&crop=entropy | https://webbox.imgix.net/images/vxaycbqyfbycrkjc/5e96f818-458b-46e0-b5e5-a7a3da1879a4.jpg?auto=format,compress&fit=crop&crop=entropy | https://webbox.imgix.net/images/vxaycbqyfbycrkjc/34d8f5cb-bf2b-4ad7-837d-0f5d4838115e.jpg?auto=format,compress&fit=crop&crop=entropy&w=360&h=300 | https://webbox.imgix.net/images/vxaycbqyfbycrkjc/5e96f818-458b-46e0-b5e5-a7a3da1879a4.jpg?auto=format,compress&fit=crop&crop=entropy&w=360&h=300"
https://www.soussanahotel.com/fr/rooms/chambre-triple.html,"triple room | HÃ´tel SOUSSANA (Tunis, Sousse)",Contactez-nous | Chambres | chambre triple,"Cette chambre triple climatisÃ©e comprend une tÃ©lÃ©vision Ã  Ã©cran plat avec chaÃ®nes satellite, une salle de bains privÃ©e et une terrasse avec vue sur la ville. | RESERVER MAINTENANT | Avenue Taieb Mhiri, Sousse, Sousse, 4001, Tunisia | All rights reserved | Powered byCanvas","https://webbox.imgix.net/images/vxaycbqyfbycrkjc/d491472e-3973-4b7e-8561-14db600ee203.jpg?auto=format,compress&fit=crop&crop=entropy | https://webbox.imgix.net/images/vxaycbqyfbycrkjc/34d8f5cb-bf2b-4ad7-837d-0f5d4838115e.jpg?auto=format,compress&fit=crop&crop=entropy | https://webbox.imgix.net/images/vxaycbqyfbycrkjc/bc4c48d3-bf87-43ef-9826-b42108750a6b.jpg?auto=format,compress&fit=crop&crop=entropy | https://webbox.imgix.net/images/vxaycbqyfbycrkjc/34d8f5cb-bf2b-4ad7-837d-0f5d4838115e.jpg?auto=format,compress&fit=crop&crop=entropy&w=360&h=300 | https://webbox.imgix.net/images/vxaycbqyfbycrkjc/bc4c48d3-bf87-43ef-9826-b42108750a6b.jpg?auto=format,compress&fit=crop&crop=entropy&w=360&h=300"
https://www.soussanahotel.com/fr/rooms.html,"Chambres | HÃ´tel SOUSSANA (Tunis, Sousse)",Contactez-nous | Chambres | chambre double | chambre familiale | chambre single | chambre triple,"Cette chambre double climatisÃ©e dispose d'une tÃ©lÃ©vision Ã  Ã©cran plat avec chaÃ®nes satellite, d'une salle de bains privÃ©e et d'une terrasse avec vue sur la mer. | Cette chambre familiale climatisÃ©e dispose d'une tÃ©lÃ©vision Ã  Ã©cran plat avec chaÃ®nes satellite, d'une salle de bains privative et d'un balcon offrant une vue sur la ville. | RESERVER MAINTENANT | Cette chambre simple climatisÃ©e dispose d'une tÃ©lÃ©vision Ã  Ã©cran plat avec chaÃ®nes satellite, d'une salle de bains privÃ©e et d'une terrasse avec vue sur la ville. | RESERVER MAINTENANT | Cette chambre triple climatisÃ©e comprend une tÃ©lÃ©vision Ã  Ã©cran plat avec chaÃ®nes satellite, une salle de bains privÃ©e et une terrasse avec vue sur la ville. | RESERVER MAINTENANT | Avenue Taieb Mhiri, Sousse, Sousse, 4001, Tunisia | All rights reserved | Powered byCanvas","https://webbox.imgix.net/images/vxaycbqyfbycrkjc/5e96f818-458b-46e0-b5e5-a7a3da1879a4.jpg?auto=format,compress&fit=crop&crop=entropy&w=600&h=450 | https://webbox.imgix.net/images/vxaycbqyfbycrkjc/a627ec81-6f1f-49f0-a9b5-6c943fdc6c27.jpg?auto=format,compress&fit=crop&crop=entropy&w=600&h=450 | https://webbox.imgix.net/images/vxaycbqyfbycrkjc/95587992-ed5b-4994-842b-d39d7ccc169c.jpg?auto=format,compress&fit=crop&crop=entropy&w=600&h=450 | https://webbox.imgix.net/images/vxaycbqyfbycrkjc/0b39f1be-8fb2-43ac-abf4-904907bb028a.jpg?auto=format,compress&fit=crop&crop=entropy&w=600&h=450 | https://webbox.imgix.net/images/vxaycbqyfbycrkjc/34d8f5cb-bf2b-4ad7-837d-0f5d4838115e.jpg?auto=format,compress&fit=crop&crop=entropy&w=600&h=450 | https://webbox.imgix.net/images/vxaycbqyfbycrkjc/a627ec81-6f1f-49f0-a9b5-6c943fdc6c27.jpg?auto=format,compress&fit=crop&crop=entropy&w=600&h=450 | https://webbox.imgix.net/images/vxaycbqyfbycrkjc/34d8f5cb-bf2b-4ad7-837d-0f5d4838115e.jpg?auto=format,compress&fit=crop&crop=entropy&w=600&h=450 | https://webbox.imgix.net/images/vxaycbqyfbycrkjc/5e96f818-458b-46e0-b5e5-a7a3da1879a4.jpg?auto=format,compress&fit=crop&crop=entropy&w=600&h=450 | https://webbox.imgix.net/images/vxaycbqyfbycrkjc/d491472e-3973-4b7e-8561-14db600ee203.jpg?auto=format,compress&fit=crop&crop=entropy&w=600&h=450 | https://webbox.imgix.net/images/vxaycbqyfbycrkjc/34d8f5cb-bf2b-4ad7-837d-0f5d4838115e.jpg?auto=format,compress&fit=crop&crop=entropy&w=600&h=450 | https://webbox.imgix.net/images/vxaycbqyfbycrkjc/bc4c48d3-bf87-43ef-9826-b42108750a6b.jpg?auto=format,compress&fit=crop&crop=entropy&w=600&h=450"
